year,name,fraction,sex,rank
1895,John,0.065696,m,1
1895,Mary,0.054418,f,1
1895,William,0.057461,m,2
1895,Anna,0.024079,f,2
1895,James,0.042126,m,3
1895,Helen,0.01628,f,3
1895,George,0.033867,m,4
1895,Margaret,0.015908,f,4
1895,Charles,0.028687,m,5
1895,Elizabeth,0.014581,f,5
1895,Frank,0.023783,m,6
1895,Ruth,0.01437,f,6
1895,Joseph,0.023625,m,7
1895,Florence,0.014047,f,7
1895,Robert,0.020807,m,8
1895,Ethel,0.013723,f,8
1895,Henry,0.017537,m,9
1895,Marie,0.012185,f,9
1895,Edward,0.017395,m,10
1895,Emma,0.011946,f,10
1895,Thomas,0.017001,m,11
1895,Bertha,0.010627,f,11
1895,Harry,0.016803,m,12
1895,Clara,0.010574,f,12
1895,Walter,0.015911,m,13
1895,Minnie,0.010388,f,13
1895,Arthur,0.013155,m,14
1895,Edna,0.01036,f,14
1895,Fred,0.01171,m,15
1895,Bessie,0.010287,f,15
1895,Albert,0.010984,m,16
1895,Lillian,0.010097,f,16
1895,Clarence,0.010462,m,17
1895,Alice,0.009943,f,17
1895,Willie,0.008457,m,18
1895,Grace,0.009907,f,18
1895,Roy,0.008117,m,19
1895,Annie,0.009672,f,19
1895,Paul,0.007367,m,20
1895,Mabel,0.009547,f,20
1895,Louis,0.007209,m,21
1895,Rose,0.009154,f,21
1895,Carl,0.00672,m,22
1895,Hazel,0.009113,f,22
1895,Earl,0.00672,m,23
1895,Ida,0.008782,f,23
1895,Ernest,0.006585,m,24
1895,Gertrude,0.008616,f,24
1895,Samuel,0.006428,m,25
1895,Martha,0.008482,f,25
1895,Raymond,0.006364,m,26
1895,Pearl,0.007924,f,26
1895,Charlie,0.006056,m,27
1895,Edith,0.007851,f,27
1895,Joe,0.006025,m,28
1895,Myrtle,0.007843,f,28
1895,Harold,0.005946,m,29
1895,Frances,0.007418,f,29
1895,Ralph,0.005812,m,30
1895,Nellie,0.007418,f,30
1895,Richard,0.005741,m,31
1895,Esther,0.007296,f,31
1895,David,0.005583,m,32
1895,Elsie,0.007264,f,32
1895,Howard,0.005061,m,33
1895,Sarah,0.007191,f,33
1895,Elmer,0.004817,m,34
1895,Eva,0.007151,f,34
1895,Jesse,0.004556,m,35
1895,Ella,0.006847,f,35
1895,Herbert,0.004493,m,36
1895,Laura,0.006649,f,36
1895,Andrew,0.004438,m,37
1895,Louise,0.006402,f,37
1895,Alfred,0.004351,m,38
1895,Catherine,0.006127,f,38
1895,Oscar,0.004335,m,39
1895,Mildred,0.005965,f,39
1895,Daniel,0.004074,m,40
1895,Agnes,0.005933,f,40
1895,Lawrence,0.004019,m,41
1895,Gladys,0.005925,f,41
1895,Leo,0.004019,m,42
1895,Carrie,0.005921,f,42
1895,Sam,0.003845,m,43
1895,Irene,0.005779,f,43
1895,Will,0.00383,m,44
1895,Lillie,0.005722,f,44
1895,Francis,0.00379,m,45
1895,Julia,0.005585,f,45
1895,Jack,0.003782,m,46
1895,Hattie,0.005415,f,46
1895,Lee,0.003774,m,47
1895,Josephine,0.005398,f,47
1895,Benjamin,0.003569,m,48
1895,Jessie,0.005261,f,48
1895,Herman,0.003466,m,49
1895,Cora,0.005241,f,49
1895,Eugene,0.003395,m,50
1895,Lena,0.005216,f,50
1895,Floyd,0.003372,m,51
1895,Mattie,0.005164,f,51
1895,Michael,0.003261,m,52
1895,Mae,0.004828,f,52
1895,Peter,0.003253,m,53
1895,Jennie,0.004763,f,53
1895,Frederick,0.003206,m,54
1895,Blanche,0.004678,f,54
1895,Claude,0.003072,m,55
1895,Alma,0.00463,f,55
1895,Ray,0.003001,m,56
1895,Maude,0.004597,f,56
1895,Chester,0.002977,m,57
1895,Dorothy,0.004561,f,57
1895,Lewis,0.002977,m,58
1895,Ada,0.004549,f,58
1895,Clyde,0.002922,m,59
1895,Mamie,0.004528,f,59
1895,Edwin,0.002732,m,60
1895,Stella,0.004152,f,60
1895,Leonard,0.002701,m,61
1895,Lucy,0.004112,f,61
1895,Tom,0.002645,m,62
1895,Fannie,0.004095,f,62
1895,Ben,0.002558,m,63
1895,Viola,0.004087,f,63
1895,Edgar,0.00255,m,64
1895,Lula,0.003994,f,64
1895,Martin,0.002503,m,65
1895,Katherine,0.003917,f,65
1895,Russell,0.002369,m,66
1895,Ruby,0.003861,f,66
1895,Homer,0.002337,m,67
1895,Maggie,0.003602,f,67
1895,Lester,0.002329,m,68
1895,Dora,0.003577,f,68
1895,Otto,0.002235,m,69
1895,Marion,0.003464,f,69
1895,Harvey,0.002227,m,70
1895,Nora,0.003424,f,70
1895,Jim,0.002203,m,71
1895,Rosa,0.003367,f,71
1895,Clifford,0.002148,m,72
1895,Sadie,0.003355,f,72
1895,Luther,0.002124,m,73
1895,Beatrice,0.003294,f,73
1895,Jacob,0.0021,m,74
1895,Beulah,0.003076,f,74
1895,Lloyd,0.002077,m,75
1895,Ellen,0.003019,f,75
1895,Guy,0.002061,m,76
1895,Pauline,0.00297,f,76
1895,Bernard,0.002045,m,77
1895,Vera,0.00295,f,77
1895,Leroy,0.001966,m,78
1895,Willie,0.00293,f,78
1895,Jessie,0.001935,m,79
1895,Effie,0.002865,f,79
1895,Hugh,0.001919,m,80
1895,May,0.002796,f,80
1895,Leslie,0.001856,m,81
1895,Marguerite,0.002752,f,81
1895,Patrick,0.00184,m,82
1895,Nettie,0.00274,f,82
1895,Stanley,0.00184,m,83
1895,Susie,0.002728,f,83
1895,Ed,0.001808,m,84
1895,Daisy,0.002691,f,84
1895,Eddie,0.0018,m,85
1895,Lydia,0.002655,f,85
1895,Anthony,0.001745,m,86
1895,Della,0.002622,f,86
1895,Leon,0.001729,m,87
1895,Evelyn,0.00255,f,87
1895,Oliver,0.001706,m,88
1895,Virginia,0.002541,f,88
1895,Archie,0.001674,m,89
1895,Emily,0.002448,f,89
1895,Horace,0.001666,m,90
1895,Kathryn,0.002367,f,90
1895,Norman,0.001666,m,91
1895,Olive,0.002335,f,91
1895,Philip,0.001666,m,92
1895,Sallie,0.002319,f,92
1895,Theodore,0.001642,m,93
1895,Nancy,0.002291,f,93
1895,Everett,0.001635,m,94
1895,Georgia,0.002274,f,94
1895,Ira,0.001635,m,95
1895,Lottie,0.002238,f,95
1895,Donald,0.001603,m,96
1895,Flora,0.002234,f,96
1895,Alexander,0.001571,m,97
1895,Ann,0.00223,f,97
1895,Allen,0.001548,m,98
1895,Eleanor,0.002201,f,98
1895,Victor,0.001548,m,99
1895,Lizzie,0.002197,f,99
1895,Cecil,0.001516,m,100
1895,Katie,0.002169,f,100
1895,August,0.0015,m,101
1895,Lucille,0.002153,f,101
1895,Milton,0.001484,m,102
1895,Leona,0.002104,f,102
1895,Alvin,0.001413,m,103
1895,Theresa,0.002084,f,103
1895,Stephen,0.001413,m,104
1895,Hilda,0.002076,f,104
1895,Charley,0.001406,m,105
1895,Caroline,0.001959,f,105
1895,Sidney,0.001406,m,106
1895,Charlotte,0.00191,f,106
1895,Isaac,0.001358,m,107
1895,Addie,0.001906,f,107
1895,Julius,0.001303,m,108
1895,Anne,0.00187,f,108
1895,Percy,0.001295,m,109
1895,Bernice,0.001809,f,109
1895,Warren,0.001263,m,110
1895,Lola,0.001805,f,110
1895,Melvin,0.001248,m,111
1895,Ollie,0.001805,f,111
1895,Wesley,0.001232,m,112
1895,Etta,0.001801,f,112
1895,Glenn,0.001184,m,113
1895,Harriet,0.00176,f,113
1895,Bert,0.001177,m,114
1895,Iva,0.00176,f,114
1895,Marion,0.001169,m,115
1895,Amanda,0.001744,f,115
1895,Virgil,0.001153,m,116
1895,Henrietta,0.0017,f,116
1895,Alex,0.001129,m,117
1895,Ora,0.001683,f,117
1895,Earnest,0.001129,m,118
1895,Inez,0.001631,f,118
1895,Mack,0.001105,m,119
1895,Jane,0.001594,f,119
1895,Dave,0.001098,m,120
1895,Susan,0.00159,f,120
1895,Emmett,0.00109,m,121
1895,Lela,0.00157,f,121
1895,Emil,0.001074,m,122
1895,Rebecca,0.001562,f,122
1895,Maurice,0.001074,m,123
1895,Mollie,0.001546,f,123
1895,Rufus,0.001066,m,124
1895,Estelle,0.001542,f,124
1895,Willis,0.001066,m,125
1895,Amelia,0.001534,f,125
1895,Vincent,0.001058,m,126
1895,Loretta,0.001477,f,126
1895,Otis,0.00105,m,127
1895,Sara,0.001469,f,127
1895,Gilbert,0.001042,m,128
1895,Goldie,0.001449,f,128
1895,Vernon,0.001034,m,129
1895,Nannie,0.001437,f,129
1895,Calvin,0.001027,m,130
1895,Rachel,0.00142,f,130
1895,Kenneth,0.001003,m,131
1895,Betty,0.001416,f,131
1895,Morris,0.000987,m,132
1895,Marjorie,0.001412,f,132
1895,Wilbur,0.000987,m,133
1895,Nina,0.001408,f,133
1895,Johnnie,0.000948,m,134
1895,Eula,0.001384,f,134
1895,Lonnie,0.000948,m,135
1895,Matilda,0.001372,f,135
1895,Nathan,0.00094,m,136
1895,Essie,0.001356,f,136
1895,Wallace,0.00094,m,137
1895,Eunice,0.001352,f,137
1895,Willard,0.000892,m,138
1895,Mable,0.00134,f,138
1895,Matthew,0.000884,m,139
1895,Olga,0.001331,f,139
1895,Irving,0.000869,m,140
1895,Verna,0.001319,f,140
1895,Felix,0.000861,m,141
1895,Rosie,0.001303,f,141
1895,Dennis,0.000853,m,142
1895,Violet,0.001279,f,142
1895,Nelson,0.000853,m,143
1895,Genevieve,0.001267,f,143
1895,Marvin,0.000845,m,144
1895,Lois,0.001259,f,144
1895,Elbert,0.000837,m,145
1895,Maud,0.001234,f,145
1895,Hubert,0.000837,m,146
1895,Estella,0.00123,f,146
1895,Rudolph,0.000837,m,147
1895,Amy,0.001226,f,147
1895,Gordon,0.000821,m,148
1895,Hannah,0.001218,f,148
1895,Jose,0.000821,m,149
1895,Frieda,0.00121,f,149
1895,Franklin,0.000813,m,150
1895,Barbara,0.001206,f,150
1895,Glen,0.000805,m,151
1895,Christine,0.001194,f,151
1895,Jerry,0.000805,m,152
1895,Flossie,0.001194,f,152
1895,Jess,0.000805,m,153
1895,Maria,0.001194,f,153
1895,Mark,0.000805,m,154
1895,Augusta,0.001165,f,154
1895,Reuben,0.000805,m,155
1895,Belle,0.001145,f,155
1895,Ellis,0.00079,m,156
1895,Alta,0.001121,f,156
1895,Marshall,0.00079,m,157
1895,Sylvia,0.001117,f,157
1895,Sylvester,0.000782,m,158
1895,Celia,0.001105,f,158
1895,Manuel,0.000774,m,159
1895,Eliza,0.001105,f,159
1895,Perry,0.000766,m,160
1895,Victoria,0.001089,f,160
1895,Roland,0.000766,m,161
1895,Marian,0.001072,f,161
1895,Amos,0.000758,m,162
1895,Kate,0.00106,f,162
1895,Arnold,0.000758,m,163
1895,Ola,0.001056,f,163
1895,Dan,0.000758,m,164
1895,Sophia,0.001048,f,164
1895,Max,0.00075,m,165
1895,Lulu,0.001044,f,165
1895,Aaron,0.000742,m,166
1895,Allie,0.00102,f,166
1895,Abraham,0.000742,m,167
1895,Freda,0.001012,f,167
1895,Grover,0.000734,m,168
1895,Naomi,0.001008,f,168
1895,Clifton,0.000726,m,169
1895,Lucile,0.001004,f,169
1895,Orville,0.000726,m,170
1895,Irma,0.001,f,170
1895,Clinton,0.000719,m,171
1895,Nell,0.001,f,171
1895,Jake,0.000719,m,172
1895,Alberta,0.000979,f,172
1895,Jay,0.000719,m,173
1895,Sophie,0.000971,f,173
1895,Roscoe,0.000719,m,174
1895,Madeline,0.000959,f,174
1895,Bill,0.000711,m,175
1895,Josie,0.000947,f,175
1895,Edmund,0.000711,m,176
1895,Winifred,0.000947,f,176
1895,Ollie,0.000711,m,177
1895,Jean,0.000939,f,177
1895,Phillip,0.000711,m,178
1895,Luella,0.000919,f,178
1895,Curtis,0.000703,m,179
1895,Ina,0.00089,f,179
1895,Claud,0.000695,m,180
1895,Janie,0.00089,f,180
1895,Forrest,0.000695,m,181
1895,Norma,0.000886,f,181
1895,Adolph,0.000679,m,182
1895,Elva,0.000882,f,182
1895,Clayton,0.000679,m,183
1895,Vivian,0.000874,f,183
1895,Cornelius,0.000679,m,184
1895,Isabel,0.000858,f,184
1895,Alonzo,0.000671,m,185
1895,Tillie,0.000858,f,185
1895,Mike,0.000671,m,186
1895,Callie,0.000854,f,186
1895,Nicholas,0.000663,m,187
1895,Mayme,0.000846,f,187
1895,Bennie,0.000647,m,188
1895,Selma,0.000842,f,188
1895,Harrison,0.00064,m,189
1895,Velma,0.000842,f,189
1895,Adam,0.000616,m,190
1895,Isabelle,0.00083,f,190
1895,Don,0.000616,m,191
1895,Erma,0.000822,f,191
1895,Grant,0.000608,m,192
1895,Leah,0.000822,f,192
1895,Gerald,0.0006,m,193
1895,Doris,0.000801,f,193
1895,Elijah,0.000592,m,194
1895,Winnie,0.000793,f,194
1895,Owen,0.000592,m,195
1895,Delia,0.000781,f,195
1895,Sherman,0.000592,m,196
1895,Kathleen,0.000777,f,196
1895,Alva,0.000584,m,197
1895,Virgie,0.000773,f,197
1895,Ross,0.000576,m,198
1895,Rena,0.000765,f,198
1895,Gus,0.000569,m,199
1895,Birdie,0.000745,f,199
1895,Levi,0.000569,m,200
1895,Fern,0.000745,f,200
1895,Nathaniel,0.000569,m,201
1895,Millie,0.000732,f,201
1895,Noah,0.000569,m,202
1895,Adeline,0.000728,f,202
1895,Jasper,0.000561,m,203
1895,Geneva,0.000728,f,203
1895,Steve,0.000561,m,204
1895,Lila,0.000708,f,204
1895,Wilson,0.000561,m,205
1895,Thelma,0.0007,f,205
1895,Moses,0.000553,m,206
1895,Miriam,0.000684,f,206
1895,Roger,0.000545,m,207
1895,Hulda,0.000676,f,207
1895,Dock,0.000537,m,208
1895,Jeanette,0.000676,f,208
1895,Harley,0.000537,m,209
1895,Teresa,0.000676,f,209
1895,Silas,0.000537,m,210
1895,Adele,0.000672,f,210
1895,Karl,0.000529,m,211
1895,Lora,0.000672,f,211
1895,Bruce,0.000521,m,212
1895,Hester,0.000664,f,212
1895,Pete,0.000521,m,213
1895,Cecelia,0.00066,f,213
1895,Irvin,0.000513,m,214
1895,Sally,0.000656,f,214
1895,Jeff,0.000513,m,215
1895,Elsa,0.000647,f,215
1895,Jimmie,0.000513,m,216
1895,Opal,0.000639,f,216
1895,Emanuel,0.000505,m,217
1895,Dollie,0.000635,f,217
1895,Anton,0.000497,m,218
1895,Lelia,0.000635,f,218
1895,Monroe,0.000497,m,219
1895,Sue,0.000635,f,219
1895,Fredrick,0.00049,m,220
1895,Bertie,0.000623,f,220
1895,Hiram,0.00049,m,221
1895,Juanita,0.000623,f,221
1895,Mose,0.00049,m,222
1895,Veronica,0.000619,f,222
1895,Carroll,0.000482,m,223
1895,Johanna,0.000611,f,223
1895,Douglas,0.000482,m,224
1895,Bess,0.000607,f,224
1895,Juan,0.000482,m,225
1895,Gussie,0.000607,f,225
1895,Wiley,0.000482,m,226
1895,Jeannette,0.000607,f,226
1895,Christopher,0.000474,m,227
1895,Carolyn,0.000599,f,227
1895,Timothy,0.000474,m,228
1895,Leila,0.000595,f,228
1895,Grady,0.000466,m,229
1895,Katharine,0.000587,f,229
1895,Jerome,0.000458,m,230
1895,Adelaide,0.000575,f,230
1895,Johnie,0.000458,m,231
1895,Roxie,0.000571,f,231
1895,Laurence,0.000458,m,232
1895,Cecilia,0.000558,f,232
1895,Preston,0.000458,m,233
1895,Regina,0.000558,f,233
1895,Simon,0.00045,m,234
1895,Elma,0.000554,f,234
1895,Byron,0.000442,m,235
1895,Zella,0.000554,f,235
1895,Wayne,0.000442,m,236
1895,Gertie,0.00055,f,236
1895,Austin,0.000434,m,237
1895,Rhoda,0.00055,f,237
1895,Barney,0.000434,m,238
1895,Leola,0.000546,f,238
1895,Eli,0.000434,m,239
1895,Bettie,0.000538,f,239
1895,Julian,0.000434,m,240
1895,Lessie,0.000538,f,240
1895,Loyd,0.000434,m,241
1895,Hallie,0.000526,f,241
1895,Abe,0.000426,m,242
1895,Roberta,0.000526,f,242
1895,Bob,0.000426,m,243
1895,Bonnie,0.000522,f,243
1895,Leland,0.000426,m,244
1895,Cornelia,0.000514,f,244
1895,Christian,0.000418,m,245
1895,Harriett,0.000514,f,245
1895,Clark,0.000418,m,246
1895,Mathilda,0.000514,f,246
1895,Earle,0.000418,m,247
1895,Myra,0.000514,f,247
1895,Luke,0.000418,m,248
1895,Anita,0.00051,f,248
1895,Forest,0.000411,m,249
1895,Christina,0.00051,f,249
1895,Ora,0.000411,m,250
1895,Francis,0.00051,f,250
1895,Cleveland,0.000403,m,251
1895,Madge,0.00051,f,251
1895,Ervin,0.000403,m,252
1895,Cleo,0.000506,f,252
1895,Solomon,0.000403,m,253
1895,Lou,0.000506,f,253
1895,Augustus,0.000395,m,254
1895,Hettie,0.000502,f,254
1895,Edmond,0.000395,m,255
1895,Meta,0.000494,f,255
1895,Millard,0.000395,m,256
1895,Neva,0.000494,f,256
1895,Gustave,0.000387,m,257
1895,Fay,0.00049,f,257
1895,Ivan,0.000387,m,258
1895,Maudie,0.000486,f,258
1895,Riley,0.000387,m,259
1895,Claire,0.000478,f,259
1895,Ward,0.000379,m,260
1895,Faye,0.000478,f,260
1895,Mary,0.000371,m,261
1895,Letha,0.000473,f,261
1895,Erwin,0.000363,m,262
1895,Olivia,0.000473,f,262
1895,Louie,0.000363,m,263
1895,Louisa,0.000453,f,263
1895,Lynn,0.000363,m,264
1895,Nelle,0.000453,f,264
1895,Merle,0.000363,m,265
1895,Lorena,0.000449,f,265
1895,Ezra,0.000355,m,266
1895,Nola,0.000449,f,266
1895,Pearl,0.000355,m,267
1895,Cecile,0.000441,f,267
1895,Ike,0.000347,m,268
1895,Pearlie,0.000441,f,268
1895,Elwood,0.00034,m,269
1895,Corinne,0.000437,f,269
1895,Scott,0.00034,m,270
1895,Gracie,0.000437,f,270
1895,Tony,0.00034,m,271
1895,Lilly,0.000437,f,271
1895,Ulysses,0.00034,m,272
1895,Muriel,0.000437,f,272
1895,Vern,0.00034,m,273
1895,Helena,0.000433,f,273
1895,Columbus,0.000332,m,274
1895,Lettie,0.000433,f,274
1895,Emory,0.000332,m,275
1895,Rita,0.000425,f,275
1895,Chris,0.000324,m,276
1895,Erna,0.000417,f,276
1895,Edd,0.000324,m,277
1895,Johnnie,0.000417,f,277
1895,Wilfred,0.000324,m,278
1895,Lenora,0.000417,f,278
1895,Asa,0.000316,m,279
1895,Audrey,0.000413,f,279
1895,Dewitt,0.000316,m,280
1895,Lily,0.000409,f,280
1895,Lyle,0.000316,m,281
1895,Wilma,0.000401,f,281
1895,Andy,0.000308,m,282
1895,Dessie,0.000397,f,282
1895,Enoch,0.000308,m,283
1895,Lee,0.000397,f,283
1895,Hugo,0.000308,m,284
1895,Lucinda,0.000397,f,284
1895,Irwin,0.000308,m,285
1895,Margie,0.000397,f,285
1895,Murray,0.000308,m,286
1895,Ila,0.000393,f,286
1895,Stewart,0.000308,m,287
1895,Wilhelmina,0.000393,f,287
1895,Wade,0.000308,m,288
1895,Antoinette,0.000388,f,288
1895,Ambrose,0.0003,m,289
1895,Claudia,0.000388,f,289
1895,Ferdinand,0.0003,m,290
1895,Linda,0.000388,f,290
1895,Fletcher,0.0003,m,291
1895,Linnie,0.000388,f,291
1895,Neal,0.0003,m,292
1895,Vesta,0.000388,f,292
1895,Ned,0.0003,m,293
1895,Cecil,0.000384,f,293
1895,Tommie,0.0003,m,294
1895,Elnora,0.00038,f,294
1895,Aubrey,0.000292,m,295
1895,Elvira,0.00038,f,295
1895,Ellsworth,0.000292,m,296
1895,Fanny,0.00038,f,296
1895,Emery,0.000292,m,297
1895,Mina,0.00038,f,297
1895,Joel,0.000292,m,298
1895,Alvina,0.000376,f,298
1895,Larry,0.000292,m,299
1895,Dovie,0.000376,f,299
1895,Ruben,0.000292,m,300
1895,Lura,0.000376,f,300
1895,Antonio,0.000284,m,301
1895,Abbie,0.000372,f,301
1895,Marcus,0.000284,m,302
1895,Janet,0.000372,f,302
1895,Pat,0.000284,m,303
1895,Merle,0.000368,f,303
1895,Walker,0.000284,m,304
1895,Ophelia,0.000368,f,304
1895,Isiah,0.000276,m,305
1895,Constance,0.000364,f,305
1895,Johnny,0.000276,m,306
1895,Isabella,0.000364,f,306
1895,Spencer,0.000276,m,307
1895,Phoebe,0.000364,f,307
1895,Sterling,0.000276,m,308
1895,Catharine,0.00036,f,308
1895,Wilbert,0.000276,m,309
1895,Annette,0.000356,f,309
1895,Conrad,0.000268,m,310
1895,Edythe,0.000356,f,310
1895,Major,0.000268,m,311
1895,Myrtie,0.000356,f,311
1895,Mckinley,0.000268,m,312
1895,Helene,0.000352,f,312
1895,Myron,0.000268,m,313
1895,Reba,0.000352,f,313
1895,Rex,0.000268,m,314
1895,Rosalie,0.000348,f,314
1895,Van,0.000268,m,315
1895,Oma,0.000344,f,315
1895,Allie,0.000261,m,316
1895,Orpha,0.000344,f,316
1895,Bud,0.000261,m,317
1895,Rosetta,0.00034,f,317
1895,Clay,0.000261,m,318
1895,Eugenia,0.000336,f,318
1895,Dallas,0.000261,m,319
1895,Angeline,0.000332,f,319
1895,Delbert,0.000261,m,320
1895,Geraldine,0.000328,f,320
1895,Elisha,0.000261,m,321
1895,Rae,0.000328,f,321
1895,Malcolm,0.000261,m,322
1895,Zelma,0.000324,f,322
1895,Mathew,0.000261,m,323
1895,Lona,0.000316,f,323
1895,Miles,0.000261,m,324
1895,Vida,0.000316,f,324
1895,Newton,0.000261,m,325
1895,Jewell,0.000312,f,325
1895,Dee,0.000253,m,326
1895,June,0.000312,f,326
1895,Jackson,0.000253,m,327
1895,Dorothea,0.000308,f,327
1895,Royal,0.000253,m,328
1895,Floy,0.000308,f,328
1895,Anderson,0.000245,m,329
1895,Polly,0.000308,f,329
1895,Boyd,0.000245,m,330
1895,Alpha,0.000304,f,330
1895,Clair,0.000245,m,331
1895,Cassie,0.000304,f,331
1895,Elliott,0.000245,m,332
1895,Ivy,0.000304,f,332
1895,Emmet,0.000245,m,333
1895,Minerva,0.000304,f,333
1895,Lon,0.000245,m,334
1895,Chloe,0.000295,f,334
1895,Mitchell,0.000245,m,335
1895,Leta,0.000295,f,335
1895,Neil,0.000245,m,336
1895,Blanch,0.000291,f,336
1895,Bertram,0.000237,m,337
1895,Emilie,0.000291,f,337
1895,Garland,0.000237,m,338
1895,Marcella,0.000287,f,338
1895,Loren,0.000237,m,339
1895,Mittie,0.000287,f,339
1895,Chauncey,0.000229,m,340
1895,Nona,0.000287,f,340
1895,Elias,0.000229,m,341
1895,Pansy,0.000287,f,341
1895,Granville,0.000229,m,342
1895,Angela,0.000283,f,342
1895,Joshua,0.000229,m,343
1895,Dolly,0.000283,f,343
1895,Nick,0.000229,m,344
1895,Ernestine,0.000283,f,344
1895,Randolph,0.000229,m,345
1895,Georgie,0.000271,f,345
1895,Troy,0.000229,m,346
1895,Leota,0.000267,f,346
1895,Clem,0.000221,m,347
1895,Maybelle,0.000267,f,347
1895,Clement,0.000221,m,348
1895,Ona,0.000267,f,348
1895,Dewey,0.000221,m,349
1895,Golda,0.000263,f,349
1895,Gene,0.000221,m,350
1895,Phyllis,0.000263,f,350
1895,Jefferson,0.000221,m,351
1895,Artie,0.000259,f,351
1895,Jeremiah,0.000221,m,352
1895,Priscilla,0.000255,f,352
1895,Lowell,0.000221,m,353
1895,Frankie,0.000251,f,353
1895,Lucius,0.000221,m,354
1895,Lenore,0.000251,f,354
1895,Noble,0.000221,m,355
1895,Mazie,0.000251,f,355
1895,Oren,0.000221,m,356
1895,Wanda,0.000251,f,356
1895,Shirley,0.000221,m,357
1895,Alva,0.000247,f,357
1895,Aloysius,0.000213,m,358
1895,Isabell,0.000247,f,358
1895,Bryan,0.000213,m,359
1895,Jewel,0.000247,f,359
1895,Burton,0.000213,m,360
1895,John,0.000247,f,360
1895,Carlton,0.000213,m,361
1895,Lina,0.000247,f,361
1895,Foster,0.000213,m,362
1895,Tessie,0.000247,f,362
1895,Freeman,0.000213,m,363
1895,Aline,0.000243,f,363
1895,Josh,0.000213,m,364
1895,Malinda,0.000243,f,364
1895,Napoleon,0.000213,m,365
1895,Zola,0.000243,f,365
1895,Ramon,0.000213,m,366
1895,Angie,0.000239,f,366
1895,Wilmer,0.000213,m,367
1895,Evie,0.000239,f,367
1895,Alton,0.000205,m,368
1895,Idella,0.000239,f,368
1895,Archibald,0.000205,m,369
1895,Jannie,0.000239,f,369
1895,Bradley,0.000205,m,370
1895,Nan,0.000239,f,370
1895,Dale,0.000205,m,371
1895,Cynthia,0.000235,f,371
1895,Elmo,0.000205,m,372
1895,Eloise,0.000231,f,372
1895,Jonas,0.000205,m,373
1895,Lyda,0.000231,f,373
1895,Jordan,0.000205,m,374
1895,Leora,0.000227,f,374
1895,Lincoln,0.000205,m,375
1895,Vada,0.000227,f,375
1895,Lorenzo,0.000205,m,376
1895,Lauretta,0.000223,f,376
1895,Matt,0.000205,m,377
1895,Zora,0.000223,f,377
1895,Morgan,0.000205,m,378
1895,Zula,0.000223,f,378
1895,Omer,0.000205,m,379
1895,Ava,0.000219,f,379
1895,Reginald,0.000205,m,380
1895,Cordelia,0.000219,f,380
1895,Taylor,0.000205,m,381
1895,Elda,0.000219,f,381
1895,Vance,0.000205,m,382
1895,Lida,0.000219,f,382
1895,Alphonse,0.000197,m,383
1895,Mabelle,0.000219,f,383
1895,Cyrus,0.000197,m,384
1895,Angelina,0.000214,f,384
1895,Elvin,0.000197,m,385
1895,Antonia,0.000214,f,385
1895,Henderson,0.000197,m,386
1895,Ione,0.000214,f,386
1895,Merrill,0.000197,m,387
1895,Lennie,0.000214,f,387
1895,Porter,0.000197,m,388
1895,Mona,0.000214,f,388
1895,Ronald,0.000197,m,389
1895,Rosella,0.000214,f,389
1895,Arther,0.00019,m,390
1895,Willa,0.000214,f,390
1895,Early,0.00019,m,391
1895,Madeleine,0.00021,f,391
1895,Freddie,0.00019,m,392
1895,Mandy,0.00021,f,392
1895,Hollis,0.00019,m,393
1895,Clarice,0.000206,f,393
1895,Isaiah,0.00019,m,394
1895,Jeanne,0.000206,f,394
1895,King,0.00019,m,395
1895,Lorene,0.000206,f,395
1895,Sol,0.00019,m,396
1895,Odessa,0.000206,f,396
1895,Sydney,0.00019,m,397
1895,Eddie,0.000202,f,397
1895,Ted,0.00019,m,398
1895,Elise,0.000202,f,398
1895,Al,0.000182,m,399
1895,Hortense,0.000202,f,399
1895,Dudley,0.000182,m,400
1895,Iona,0.000202,f,400
1895,Fay,0.000182,m,401
1895,Louella,0.000202,f,401
1895,Herschel,0.000182,m,402
1895,Susanna,0.000202,f,402
1895,Jason,0.000182,m,403
1895,Clyde,0.000198,f,403
1895,Judson,0.000182,m,404
1895,Carol,0.000194,f,404
1895,Junius,0.000182,m,405
1895,Iola,0.000194,f,405
1895,Kelly,0.000182,m,406
1895,Lorraine,0.000194,f,406
1895,Lafayette,0.000182,m,407
1895,Mellie,0.000194,f,407
1895,Lemuel,0.000182,m,408
1895,Minna,0.000194,f,408
1895,Morton,0.000182,m,409
1895,Verda,0.000194,f,409
1895,Pedro,0.000182,m,410
1895,Vina,0.000194,f,410
1895,Sanford,0.000182,m,411
1895,Agatha,0.00019,f,411
1895,Valentine,0.000182,m,412
1895,Clare,0.00019,f,412
1895,Wendell,0.000182,m,413
1895,Era,0.00019,f,413
1895,Adolphus,0.000174,m,414
1895,Leone,0.00019,f,414
1895,Allan,0.000174,m,415
1895,Lilla,0.00019,f,415
1895,Basil,0.000174,m,416
1895,Pearle,0.00019,f,416
1895,Burt,0.000174,m,417
1895,Bell,0.000186,f,417
1895,Dick,0.000174,m,418
1895,George,0.000186,f,418
1895,Dwight,0.000174,m,419
1895,Peggy,0.000186,f,419
1895,Hans,0.000174,m,420
1895,Una,0.000186,f,420
1895,Harris,0.000174,m,421
1895,Aurelia,0.000182,f,421
1895,Houston,0.000174,m,422
1895,Molly,0.000182,f,422
1895,Judge,0.000174,m,423
1895,Tena,0.000182,f,423
1895,Omar,0.000174,m,424
1895,Tennie,0.000182,f,424
1895,Winfield,0.000174,m,425
1895,Tina,0.000182,f,425
1895,Alan,0.000166,m,426
1895,Dona,0.000178,f,426
1895,Arlie,0.000166,m,427
1895,Donna,0.000178,f,427
1895,Cliff,0.000166,m,428
1895,Eileen,0.000178,f,428
1895,Cyril,0.000166,m,429
1895,Esta,0.000178,f,429
1895,Emerson,0.000166,m,430
1895,Hilma,0.000178,f,430
1895,Emile,0.000166,m,431
1895,Iris,0.000178,f,431
1895,Haywood,0.000166,m,432
1895,Nita,0.000178,f,432
1895,Lyman,0.000166,m,433
1895,Eda,0.000174,f,433
1895,Rollie,0.000166,m,434
1895,Elisabeth,0.000174,f,434
1895,Wilber,0.000166,m,435
1895,Jimmie,0.000174,f,435
1895,Zack,0.000166,m,436
1895,Shirley,0.000174,f,436
1895,Avery,0.000158,m,437
1895,Albina,0.00017,f,437
1895,Axel,0.000158,m,438
1895,Annabelle,0.00017,f,438
1895,Buford,0.000158,m,439
1895,Lilian,0.00017,f,439
1895,Carlos,0.000158,m,440
1895,Adelia,0.000166,f,440
1895,Dean,0.000158,m,441
1895,Corine,0.000166,f,441
1895,Eric,0.000158,m,442
1895,Dolores,0.000166,f,442
1895,Francisco,0.000158,m,443
1895,Donnie,0.000166,f,443
1895,General,0.000158,m,444
1895,Ester,0.000166,f,444
1895,Gust,0.000158,m,445
1895,Hedwig,0.000166,f,445
1895,Hal,0.000158,m,446
1895,Leonora,0.000166,f,446
1895,Lenard,0.000158,m,447
1895,Lue,0.000166,f,447
1895,Lucious,0.000158,m,448
1895,Melissa,0.000166,f,448
1895,Nels,0.000158,m,449
1895,Pattie,0.000166,f,449
1895,Ole,0.000158,m,450
1895,Rhea,0.000166,f,450
1895,Sandy,0.000158,m,451
1895,Rowena,0.000166,f,451
1895,Stuart,0.000158,m,452
1895,Sudie,0.000166,f,452
1895,Tommy,0.000158,m,453
1895,Veda,0.000166,f,453
1895,Verne,0.000158,m,454
1895,Vernie,0.000166,f,454
1895,Waldo,0.000158,m,455
1895,Aileen,0.000162,f,455
1895,Addison,0.00015,m,456
1895,Bernadette,0.000162,f,456
1895,Cleo,0.00015,m,457
1895,Beryl,0.000162,f,457
1895,Coy,0.00015,m,458
1895,Charity,0.000162,f,458
1895,Elmore,0.00015,m,459
1895,Connie,0.000162,f,459
1895,Elza,0.00015,m,460
1895,Elmira,0.000162,f,460
1895,Florence,0.00015,m,461
1895,Florida,0.000162,f,461
1895,Garrett,0.00015,m,462
1895,Pinkie,0.000162,f,462
1895,Gustav,0.00015,m,463
1895,Rilla,0.000162,f,463
1895,Isadore,0.00015,m,464
1895,William,0.000162,f,464
1895,Jean,0.00015,m,465
1895,Bella,0.000158,f,465
1895,Lionel,0.00015,m,466
1895,Hope,0.000158,f,466
1895,Mason,0.00015,m,467
1895,Margery,0.000158,f,467
1895,Maynard,0.00015,m,468
1895,Melvina,0.000158,f,468
1895,Melville,0.00015,m,469
1895,Natalie,0.000158,f,469
1895,Olin,0.00015,m,470
1895,Ursula,0.000158,f,470
1895,Reed,0.00015,m,471
1895,Avis,0.000154,f,471
1895,Rodney,0.00015,m,472
1895,Emmie,0.000154,f,472
1895,Roman,0.00015,m,473
1895,Glenna,0.000154,f,473
1895,Ruby,0.00015,m,474
1895,Lovie,0.000154,f,474
1895,Washington,0.00015,m,475
1895,Marietta,0.000154,f,475
1895,Abram,0.000142,m,476
1895,Octavia,0.000154,f,476
1895,Adrian,0.000142,m,477
1895,Tommie,0.000154,f,477
1895,Anna,0.000142,m,478
1895,Yvonne,0.000154,f,478
1895,Benjiman,0.000142,m,479
1895,Zona,0.000154,f,479
1895,Berry,0.000142,m,480
1895,Berta,0.00015,f,480
1895,Hardy,0.000142,m,481
1895,Carmela,0.00015,f,481
1895,Ivy,0.000142,m,482
1895,Ellie,0.00015,f,482
1895,Lige,0.000142,m,483
1895,Hanna,0.00015,f,483
1895,Milo,0.000142,m,484
1895,Jettie,0.00015,f,484
1895,Norbert,0.000142,m,485
1895,Paula,0.00015,f,485
1895,Prince,0.000142,m,486
1895,Savannah,0.00015,f,486
1895,Russel,0.000142,m,487
1895,Vinnie,0.00015,f,487
1895,Seth,0.000142,m,488
1895,Belva,0.000146,f,488
1895,Wilford,0.000142,m,489
1895,Dena,0.000146,f,489
1895,Wylie,0.000142,m,490
1895,Margret,0.000146,f,490
1895,Carey,0.000134,m,491
1895,Maybell,0.000146,f,491
1895,Christ,0.000134,m,492
1895,Viva,0.000146,f,492
1895,Delmar,0.000134,m,493
1895,Carolina,0.000142,f,493
1895,Elizabeth,0.000134,m,494
1895,Gretchen,0.000142,f,494
1895,Green,0.000134,m,495
1895,Inga,0.000142,f,495
1895,Helen,0.000134,m,496
1895,Lenna,0.000142,f,496
1895,Jesus,0.000134,m,497
1895,Mallie,0.000142,f,497
1895,Jules,0.000134,m,498
1895,Patricia,0.000142,f,498
1895,Noel,0.000134,m,499
1895,Adela,0.000138,f,499
1895,Thurman,0.000134,m,500
1895,Cordie,0.000138,f,500
1895,Abner,0.000126,m,501
1895,Corrie,0.000138,f,501
1895,Adelard,0.000126,m,502
1895,Eulalia,0.000138,f,502
1895,Alma,0.000126,m,503
1895,Georgiana,0.000138,f,503
1895,Artie,0.000126,m,504
1895,Harriette,0.000138,f,504
1895,Buster,0.000126,m,505
1895,Imogene,0.000138,f,505
1895,Chas,0.000126,m,506
1895,James,0.000138,f,506
1895,Cleve,0.000126,m,507
1895,Leatha,0.000138,f,507
1895,Connie,0.000126,m,508
1895,Queen,0.000138,f,508
1895,Dorsey,0.000126,m,509
1895,Retta,0.000138,f,509
1895,Elton,0.000126,m,510
1895,Sadye,0.000138,f,510
1895,Emmitt,0.000126,m,511
1895,Tressie,0.000138,f,511
1895,Esther,0.000126,m,512
1895,Zoe,0.000138,f,512
1895,Frances,0.000126,m,513
1895,Adah,0.000134,f,513
1895,Hezekiah,0.000126,m,514
1895,Alda,0.000134,f,514
1895,Hobart,0.000126,m,515
1895,Camille,0.000134,f,515
1895,Howell,0.000126,m,516
1895,Kittie,0.000134,f,516
1895,Ivory,0.000126,m,517
1895,Lavina,0.000134,f,517
1895,Lonzo,0.000126,m,518
1895,Mertie,0.000134,f,518
1895,Miguel,0.000126,m,519
1895,Therese,0.000134,f,519
1895,Obie,0.000126,m,520
1895,Althea,0.000129,f,520
1895,Pablo,0.000126,m,521
1895,Celeste,0.000129,f,521
1895,Raleigh,0.000126,m,522
1895,Claudie,0.000129,f,522
1895,Sammie,0.000126,m,523
1895,Dixie,0.000129,f,523
1895,Shelby,0.000126,m,524
1895,Gail,0.000129,f,524
1895,Smith,0.000126,m,525
1895,Judith,0.000129,f,525
1895,Steven,0.000126,m,526
1895,Lavinia,0.000129,f,526
1895,Vivian,0.000126,m,527
1895,Ludie,0.000129,f,527
1895,Webster,0.000126,m,528
1895,Philomena,0.000129,f,528
1895,Angus,0.000118,m,529
1895,Winnifred,0.000129,f,529
1895,Annie,0.000118,m,530
1895,Besse,0.000125,f,530
1895,Arch,0.000118,m,531
1895,Bridget,0.000125,f,531
1895,Clint,0.000118,m,532
1895,Ethyl,0.000125,f,532
1895,Dominick,0.000118,m,533
1895,Ettie,0.000125,f,533
1895,Ethel,0.000118,m,534
1895,Magdalena,0.000125,f,534
1895,Evert,0.000118,m,535
1895,Magnolia,0.000125,f,535
1895,Fritz,0.000118,m,536
1895,Marcia,0.000125,f,536
1895,Garfield,0.000118,m,537
1895,Wilda,0.000125,f,537
1895,Guss,0.000118,m,538
1895,Adella,0.000121,f,538
1895,Hamilton,0.000118,m,539
1895,Camilla,0.000121,f,539
1895,Harmon,0.000118,m,540
1895,Easter,0.000121,f,540
1895,Israel,0.000118,m,541
1895,Florine,0.000121,f,541
1895,Levy,0.000118,m,542
1895,Hildur,0.000121,f,542
1895,Logan,0.000118,m,543
1895,Kitty,0.000121,f,543
1895,Lucian,0.000118,m,544
1895,Mathilde,0.000121,f,544
1895,Ludwig,0.000118,m,545
1895,Maye,0.000121,f,545
1895,Madison,0.000118,m,546
1895,Rosina,0.000121,f,546
1895,Milford,0.000118,m,547
1895,Altha,0.000117,f,547
1895,Otho,0.000118,m,548
1895,Carmen,0.000117,f,548
1895,Parker,0.000118,m,549
1895,Dottie,0.000117,f,549
1895,Phil,0.000118,m,550
1895,Icie,0.000117,f,550
1895,Pink,0.000118,m,551
1895,Joanna,0.000117,f,551
1895,Rupert,0.000118,m,552
1895,Johnie,0.000117,f,552
1895,Talmage,0.000118,m,553
1895,Joyce,0.000117,f,553
1895,Tim,0.000118,m,554
1895,Julie,0.000117,f,554
1895,Truman,0.000118,m,555
1895,Letitia,0.000117,f,555
1895,Albin,0.000111,m,556
1895,Louie,0.000117,f,556
1895,Alvah,0.000111,m,557
1895,Lucretia,0.000117,f,557
1895,Bernie,0.000111,m,558
1895,Magdalene,0.000117,f,558
1895,Bruno,0.000111,m,559
1895,Mariah,0.000117,f,559
1895,Casper,0.000111,m,560
1895,Onie,0.000117,f,560
1895,Davis,0.000111,m,561
1895,Ramona,0.000117,f,561
1895,Duncan,0.000111,m,562
1895,Sybil,0.000117,f,562
1895,Eldridge,0.000111,m,563
1895,Valeria,0.000117,f,563
1895,Frederic,0.000111,m,564
1895,Vallie,0.000117,f,564
1895,Gabriel,0.000111,m,565
1895,Enid,0.000113,f,565
1895,Gerard,0.000111,m,566
1895,Gwendolyn,0.000113,f,566
1895,Graham,0.000111,m,567
1895,Ima,0.000113,f,567
1895,Jule,0.000111,m,568
1895,Ivah,0.000113,f,568
1895,Mathias,0.000111,m,569
1895,Joan,0.000113,f,569
1895,Merritt,0.000111,m,570
1895,Josefa,0.000113,f,570
1895,Mervin,0.000111,m,571
1895,Magdalen,0.000113,f,571
1895,Norris,0.000111,m,572
1895,Maurine,0.000113,f,572
1895,Odie,0.000111,m,573
1895,Ray,0.000113,f,573
1895,Orval,0.000111,m,574
1895,Reta,0.000113,f,574
1895,Otha,0.000111,m,575
1895,Rosanna,0.000113,f,575
1895,Pierce,0.000111,m,576
1895,Theodora,0.000113,f,576
1895,Theo,0.000111,m,577
1895,Zelda,0.000113,f,577
1895,Wm,0.000111,m,578
1895,Charles,0.000109,f,578
1895,Alvis,0.000103,m,579
1895,Emelia,0.000109,f,579
1895,Angelo,0.000103,m,580
1895,Ethelyn,0.000109,f,580
1895,Bertha,0.000103,m,581
1895,Frank,0.000109,f,581
1895,Billie,0.000103,m,582
1895,Georgianna,0.000109,f,582
1895,Ernst,0.000103,m,583
1895,Joe,0.000109,f,583
1895,Evan,0.000103,m,584
1895,Lelah,0.000109,f,584
1895,Evans,0.000103,m,585
1895,Madie,0.000109,f,585
1895,Gail,0.000103,m,586
1895,Meda,0.000109,f,586
1895,Hazel,0.000103,m,587
1895,Mercedes,0.000109,f,587
1895,Heber,0.000103,m,588
1895,Mettie,0.000109,f,588
1895,Johnson,0.000103,m,589
1895,Petra,0.000109,f,589
1895,Lem,0.000103,m,590
1895,Queenie,0.000109,f,590
1895,Leopold,0.000103,m,591
1895,Robbie,0.000109,f,591
1895,Linwood,0.000103,m,592
1895,Ruthie,0.000109,f,592
1895,Lucien,0.000103,m,593
1895,Tilda,0.000109,f,593
1895,Maxwell,0.000103,m,594
1895,Vena,0.000109,f,594
1895,Newman,0.000103,m,595
1895,Zetta,0.000109,f,595
1895,Oral,0.000103,m,596
1895,Alida,0.000105,f,596
1895,Orlando,0.000103,m,597
1895,Annetta,0.000105,f,597
1895,Oswald,0.000103,m,598
1895,Bennie,0.000105,f,598
1895,Palmer,0.000103,m,599
1895,Bobbie,0.000105,f,599
1895,Paris,0.000103,m,600
1895,Eve,0.000105,f,600
1895,Ransom,0.000103,m,601
1895,Freida,0.000105,f,601
1895,Rogers,0.000103,m,602
1895,Loraine,0.000105,f,602
1895,Santiago,0.000103,m,603
1895,Rachael,0.000105,f,603
1895,Saul,0.000103,m,604
1895,Selina,0.000105,f,604
1895,Terry,0.000103,m,605
1895,Sophronia,0.000105,f,605
1895,Turner,0.000103,m,606
1895,Thea,0.000105,f,606
1895,Warner,0.000103,m,607
1895,Almeda,0.000101,f,607
1895,Winfred,0.000103,m,608
1895,Alyce,0.000101,f,608
1895,Bonnie,0.000095,m,609
1895,Arline,0.000101,f,609
1895,Buck,0.000095,m,610
1895,Delphia,0.000101,f,610
1895,Cal,0.000095,m,611
1895,Donie,0.000101,f,611
1895,Coleman,0.000095,m,612
1895,Elena,0.000101,f,612
1895,Dana,0.000095,m,613
1895,Elenora,0.000101,f,613
1895,Denis,0.000095,m,614
1895,Evalyn,0.000101,f,614
1895,Denver,0.000095,m,615
1895,Felicia,0.000101,f,615
1895,Emma,0.000095,m,616
1895,Lonie,0.000101,f,616
1895,Gary,0.000095,m,617
1895,Lucia,0.000101,f,617
1895,Gaston,0.000095,m,618
1895,Oda,0.000101,f,618
1895,Gertrude,0.000095,m,619
1895,Rossie,0.000101,f,619
1895,Hallie,0.000095,m,620
1895,Theo,0.000101,f,620
1895,Harlan,0.000095,m,621
1895,Vergie,0.000101,f,621
1895,Harper,0.000095,m,622
1895,Anastasia,0.000097,f,622
1895,Hosea,0.000095,m,623
1895,Cathrine,0.000097,f,623
1895,Hoyt,0.000095,m,624
1895,Cathryn,0.000097,f,624
1895,Hyman,0.000095,m,625
1895,Clemmie,0.000097,f,625
1895,Jimmy,0.000095,m,626
1895,Dagmar,0.000097,f,626
1895,Lacy,0.000095,m,627
1895,Eleanora,0.000097,f,627
1895,Lillian,0.000095,m,628
1895,Elinor,0.000097,f,628
1895,Lonie,0.000095,m,629
1895,Emilia,0.000097,f,629
1895,Mahlon,0.000095,m,630
1895,Evangeline,0.000097,f,630
1895,Merton,0.000095,m,631
1895,Ferne,0.000097,f,631
1895,Meyer,0.000095,m,632
1895,Joy,0.000097,f,632
1895,Myrtle,0.000095,m,633
1895,Juana,0.000097,f,633
1895,Olen,0.000095,m,634
1895,Juliette,0.000097,f,634
1895,Oran,0.000095,m,635
1895,Leda,0.000097,f,635
1895,Roosevelt,0.000095,m,636
1895,Malissa,0.000097,f,636
1895,Thornton,0.000095,m,637
1895,Verdie,0.000097,f,637
1895,Tillman,0.000095,m,638
1895,Albertine,0.000093,f,638
1895,Watson,0.000095,m,639
1895,Arlene,0.000093,f,639
1895,Benton,0.000087,m,640
1895,Berenice,0.000093,f,640
1895,Billy,0.000087,m,641
1895,Billie,0.000093,f,641
1895,Bradford,0.000087,m,642
1895,Celestine,0.000093,f,642
1895,Brady,0.000087,m,643
1895,Corrine,0.000093,f,643
1895,Cary,0.000087,m,644
1895,Diana,0.000093,f,644
1895,Clara,0.000087,m,645
1895,Elvie,0.000093,f,645
1895,Colonel,0.000087,m,646
1895,Estell,0.000093,f,646
1895,Corbett,0.000087,m,647
1895,Glenn,0.000093,f,647
1895,Crawford,0.000087,m,648
1895,Huldah,0.000093,f,648
1895,Dalton,0.000087,m,649
1895,Ira,0.000093,f,649
1895,Egbert,0.000087,m,650
1895,Jenny,0.000093,f,650
1895,Fate,0.000087,m,651
1895,Joseph,0.000093,f,651
1895,Golden,0.000087,m,652
1895,Lonnie,0.000093,f,652
1895,Isom,0.000087,m,653
1895,Luna,0.000093,f,653
1895,Issac,0.000087,m,654
1895,Ocie,0.000093,f,654
1895,Jewel,0.000087,m,655
1895,Paralee,0.000093,f,655
1895,Jewell,0.000087,m,656
1895,Rosemary,0.000093,f,656
1895,Lambert,0.000087,m,657
1895,Signe,0.000093,f,657
1895,Lindsay,0.000087,m,658
1895,Ara,0.000089,f,658
1895,Lindsey,0.000087,m,659
1895,Arrie,0.000089,f,659
1895,Mattie,0.000087,m,660
1895,Beth,0.000089,f,660
1895,Murphy,0.000087,m,661
1895,Clarissa,0.000089,f,661
1895,Murry,0.000087,m,662
1895,Clementine,0.000089,f,662
1895,Nat,0.000087,m,663
1895,Clora,0.000089,f,663
1895,Olaf,0.000087,m,664
1895,Eleanore,0.000089,f,664
1895,Orrin,0.000087,m,665
1895,Elvina,0.000089,f,665
1895,Ottis,0.000087,m,666
1895,Eugenie,0.000089,f,666
1895,Quincy,0.000087,m,667
1895,Garnet,0.000089,f,667
1895,Rafael,0.000087,m,668
1895,Hassie,0.000089,f,668
1895,Reid,0.000087,m,669
1895,Idell,0.000089,f,669
1895,Roe,0.000087,m,670
1895,India,0.000089,f,670
1895,Seymour,0.000087,m,671
1895,Kattie,0.000089,f,671
1895,Sim,0.000087,m,672
1895,Leslie,0.000089,f,672
1895,Simeon,0.000087,m,673
1895,Libbie,0.000089,f,673
1895,Son,0.000087,m,674
1895,Lucie,0.000089,f,674
1895,Talmadge,0.000087,m,675
1895,Luvenia,0.000089,f,675
1895,Thad,0.000087,m,676
1895,Margarita,0.000089,f,676
1895,Theron,0.000087,m,677
1895,Melinda,0.000089,f,677
1895,Tracy,0.000087,m,678
1895,Odie,0.000089,f,678
1895,Vernie,0.000087,m,679
1895,Phebe,0.000089,f,679
1895,Walton,0.000087,m,680
1895,Sena,0.000089,f,680
1895,West,0.000087,m,681
1895,Sibyl,0.000089,f,681
1895,Wyatt,0.000087,m,682
1895,Sigrid,0.000089,f,682
1895,Zeb,0.000087,m,683
1895,Verla,0.000089,f,683
1895,Zollie,0.000087,m,684
1895,Zettie,0.000089,f,684
1895,Alfonso,0.000079,m,685
1895,Allene,0.000085,f,685
1895,Alfredo,0.000079,m,686
1895,Amie,0.000085,f,686
1895,Armand,0.000079,m,687
1895,Audra,0.000085,f,687
1895,Aron,0.000079,m,688
1895,Berdie,0.000085,f,688
1895,Ashley,0.000079,m,689
1895,Bulah,0.000085,f,689
1895,Bailey,0.000079,m,690
1895,Dicie,0.000085,f,690
1895,Bart,0.000079,m,691
1895,Elaine,0.000085,f,691
1895,Benny,0.000079,m,692
1895,Eulah,0.000085,f,692
1895,Bishop,0.000079,m,693
1895,Faith,0.000085,f,693
1895,Brooks,0.000079,m,694
1895,Kathrine,0.000085,f,694
1895,Byrd,0.000079,m,695
1895,Mammie,0.000085,f,695
1895,Caleb,0.000079,m,696
1895,Metta,0.000085,f,696
1895,Carleton,0.000079,m,697
1895,Neta,0.000085,f,697
1895,Carlyle,0.000079,m,698
1895,Patsy,0.000085,f,698
1895,Carson,0.000079,m,699
1895,Rosia,0.000085,f,699
1895,Cletus,0.000079,m,700
1895,Sabina,0.000085,f,700
1895,Cloyd,0.000079,m,701
1895,Tressa,0.000085,f,701
1895,Collie,0.000079,m,702
1895,Veva,0.000085,f,702
1895,Dayton,0.000079,m,703
1895,Alene,0.000081,f,703
1895,Dominic,0.000079,m,704
1895,Cordia,0.000081,f,704
1895,Earlie,0.000079,m,705
1895,Elizebeth,0.000081,f,705
1895,Elie,0.000079,m,706
1895,Exie,0.000081,f,706
1895,Ely,0.000079,m,707
1895,Florrie,0.000081,f,707
1895,Elzie,0.000079,m,708
1895,Greta,0.000081,f,708
1895,Enos,0.000079,m,709
1895,Guadalupe,0.000081,f,709
1895,Enrique,0.000079,m,710
1895,Hertha,0.000081,f,710
1895,Ephraim,0.000079,m,711
1895,Juliet,0.000081,f,711
1895,Ewing,0.000079,m,712
1895,Laverne,0.000081,f,712
1895,Finis,0.000079,m,713
1895,Liddie,0.000081,f,713
1895,Geo,0.000079,m,714
1895,Liza,0.000081,f,714
1895,Godfrey,0.000079,m,715
1895,Louvenia,0.000081,f,715
1895,Harland,0.000079,m,716
1895,Manda,0.000081,f,716
1895,Hartley,0.000079,m,717
1895,Manuela,0.000081,f,717
1895,Hayward,0.000079,m,718
1895,Marvel,0.000081,f,718
1895,Helmer,0.000079,m,719
1895,Monica,0.000081,f,719
1895,Henery,0.000079,m,720
1895,Nova,0.000081,f,720
1895,Ida,0.000079,m,721
1895,Ova,0.000081,f,721
1895,Isham,0.000079,m,722
1895,Robert,0.000081,f,722
1895,Jodie,0.000079,m,723
1895,Rosamond,0.000081,f,723
1895,Jonathan,0.000079,m,724
1895,Winona,0.000081,f,724
1895,June,0.000079,m,725
1895,Alvena,0.000077,f,725
1895,Lamar,0.000079,m,726
1895,Amalia,0.000077,f,726
1895,Larkin,0.000079,m,727
1895,Bernadine,0.000077,f,727
1895,Llewellyn,0.000079,m,728
1895,Dorcas,0.000077,f,728
1895,Louise,0.000079,m,729
1895,Elfrieda,0.000077,f,729
1895,Mat,0.000079,m,730
1895,Flo,0.000077,f,730
1895,Merlin,0.000079,m,731
1895,Frona,0.000077,f,731
1895,Miller,0.000079,m,732
1895,Helga,0.000077,f,732
1895,Mitchel,0.000079,m,733
1895,Jessica,0.000077,f,733
1895,Richmond,0.000079,m,734
1895,Lorna,0.000077,f,734
1895,Sampson,0.000079,m,735
1895,Melba,0.000077,f,735
1895,Travis,0.000079,m,736
1895,Myrtis,0.000077,f,736
1895,Virgle,0.000079,m,737
1895,Novella,0.000077,f,737
1895,Williams,0.000079,m,738
1895,Palma,0.000077,f,738
1895,Acie,0.000071,m,739
1895,Rella,0.000077,f,739
1895,Ada,0.000071,m,740
1895,Rubye,0.000077,f,740
1895,Alta,0.000071,m,741
1895,Tempie,0.000077,f,741
1895,Ansel,0.000071,m,742
1895,Theodosia,0.000077,f,742
1895,Bennett,0.000071,m,743
1895,Valerie,0.000077,f,743
1895,Bertie,0.000071,m,744
1895,Verona,0.000077,f,744
1895,Burley,0.000071,m,745
1895,Wilhelmine,0.000077,f,745
1895,Butler,0.000071,m,746
1895,Arvilla,0.000073,f,746
1895,Carter,0.000071,m,747
1895,Clifford,0.000073,f,747
1895,Clarance,0.000071,m,748
1895,Coral,0.000073,f,748
1895,Clare,0.000071,m,749
1895,Dell,0.000073,f,749
1895,Cora,0.000071,m,750
1895,Ebba,0.000073,f,750
1895,Doc,0.000071,m,751
1895,Edyth,0.000073,f,751
1895,Eldon,0.000071,m,752
1895,Elna,0.000073,f,752
1895,Ellwood,0.000071,m,753
1895,Elta,0.000073,f,753
1895,Elsie,0.000071,m,754
1895,Hellen,0.000073,f,754
1895,Emmit,0.000071,m,755
1895,Hildred,0.000073,f,755
1895,Essie,0.000071,m,756
1895,Kathryne,0.000073,f,756
1895,Everette,0.000071,m,757
1895,Leonie,0.000073,f,757
1895,Ezekiel,0.000071,m,758
1895,Lilah,0.000073,f,758
1895,Fenton,0.000071,m,759
1895,Matie,0.000073,f,759
1895,Grace,0.000071,m,760
1895,Nella,0.000073,f,760
1895,Gregory,0.000071,m,761
1895,Norah,0.000073,f,761
1895,Hamp,0.000071,m,762
1895,Ottie,0.000073,f,762
1895,Hershel,0.000071,m,763
1895,Roma,0.000073,f,763
1895,Hubbard,0.000071,m,764
1895,Rosalia,0.000073,f,764
1895,Isreal,0.000071,m,765
1895,Rosalind,0.000073,f,765
1895,Ivey,0.000071,m,766
1895,Salome,0.000073,f,766
1895,Jennings,0.000071,m,767
1895,Serena,0.000073,f,767
1895,Joesph,0.000071,m,768
1895,Sidney,0.000073,f,768
1895,Jonnie,0.000071,m,769
1895,Yetta,0.000073,f,769
1895,Lawerence,0.000071,m,770
1895,Adaline,0.000069,f,770
1895,Lawson,0.000071,m,771
1895,Annis,0.000069,f,771
1895,Leander,0.000071,m,772
1895,Arlie,0.000069,f,772
1895,Lew,0.000071,m,773
1895,Augustine,0.000069,f,773
1895,Lou,0.000071,m,774
1895,Betsy,0.000069,f,774
1895,Loy,0.000071,m,775
1895,Charlie,0.000069,f,775
1895,Luis,0.000071,m,776
1895,Christena,0.000069,f,776
1895,Margaret,0.000071,m,777
1895,Crystal,0.000069,f,777
1895,Marie,0.000071,m,778
1895,Eura,0.000069,f,778
1895,Martha,0.000071,m,779
1895,Gusta,0.000069,f,779
1895,Minnie,0.000071,m,780
1895,Katy,0.000069,f,780
1895,Nellie,0.000071,m,781
1895,Lacy,0.000069,f,781
1895,Orie,0.000071,m,782
1895,Lala,0.000069,f,782
1895,Orlo,0.000071,m,783
1895,Leanna,0.000069,f,783
1895,Pleas,0.000071,m,784
1895,Nadine,0.000069,f,784
1895,Raphael,0.000071,m,785
1895,Olevia,0.000069,f,785
1895,Rolla,0.000071,m,786
1895,Retha,0.000069,f,786
1895,Rolland,0.000071,m,787
1895,Vertie,0.000069,f,787
1895,Rollin,0.000071,m,788
1895,Adda,0.000065,f,788
1895,Tobe,0.000071,m,789
1895,Amber,0.000065,f,789
1895,Unknown,0.000071,m,790
1895,Annabell,0.000065,f,790
1895,Wash,0.000071,m,791
1895,Antonette,0.000065,f,791
1895,Waverly,0.000071,m,792
1895,Arizona,0.000065,f,792
1895,Wilburn,0.000071,m,793
1895,Consuelo,0.000065,f,793
1895,Wilton,0.000071,m,794
1895,Delma,0.000065,f,794
1895,Alden,0.000063,m,795
1895,Edwina,0.000065,f,795
1895,Alice,0.000063,m,796
1895,Eveline,0.000065,f,796
1895,Allison,0.000063,m,797
1895,Freddie,0.000065,f,797
1895,Alpheus,0.000063,m,798
1895,Gena,0.000065,f,798
1895,Alphonsus,0.000063,m,799
1895,Golden,0.000065,f,799
1895,Alto,0.000063,m,800
1895,Gretta,0.000065,f,800
1895,Andres,0.000063,m,801
1895,Hermina,0.000065,f,801
1895,Antone,0.000063,m,802
1895,Justine,0.000065,f,802
1895,Augusta,0.000063,m,803
1895,Kizzie,0.000065,f,803
1895,Belton,0.000063,m,804
1895,Lillia,0.000065,f,804
1895,Benedict,0.000063,m,805
1895,Lovina,0.000065,f,805
1895,Blaine,0.000063,m,806
1895,Mannie,0.000065,f,806
1895,Burl,0.000063,m,807
1895,Margaretta,0.000065,f,807
1895,Curley,0.000063,m,808
1895,Melva,0.000065,f,808
1895,Damon,0.000063,m,809
1895,Missouri,0.000065,f,809
1895,Dell,0.000063,m,810
1895,Myrle,0.000065,f,810
1895,Delos,0.000063,m,811
1895,Ottilia,0.000065,f,811
1895,Dexter,0.000063,m,812
1895,Pollie,0.000065,f,812
1895,Einar,0.000063,m,813
1895,Reva,0.000065,f,813
1895,Elder,0.000063,m,814
1895,Samantha,0.000065,f,814
1895,Eliga,0.000063,m,815
1895,Abigail,0.000061,f,815
1895,Elwin,0.000063,m,816
1895,Adell,0.000061,f,816
1895,Ephriam,0.000063,m,817
1895,Alicia,0.000061,f,817
1895,Felipe,0.000063,m,818
1895,Annabel,0.000061,f,818
1895,Ferd,0.000063,m,819
1895,Aurora,0.000061,f,819
1895,Ford,0.000063,m,820
1895,Beaulah,0.000061,f,820
1895,French,0.000063,m,821
1895,Beula,0.000061,f,821
1895,Gabe,0.000063,m,822
1895,Birtie,0.000061,f,822
1895,Galen,0.000063,m,823
1895,Delilah,0.000061,f,823
1895,Garnett,0.000063,m,824
1895,Drusilla,0.000061,f,824
1895,Giles,0.000063,m,825
1895,Eldora,0.000061,f,825
1895,Hattie,0.000063,m,826
1895,Elvera,0.000061,f,826
1895,Hayes,0.000063,m,827
1895,Enola,0.000061,f,827
1895,Hilton,0.000063,m,828
1895,Fae,0.000061,f,828
1895,Hobert,0.000063,m,829
1895,Fred,0.000061,f,829
1895,Hosie,0.000063,m,830
1895,Gertha,0.000061,f,830
1895,Hurley,0.000063,m,831
1895,Glennie,0.000061,f,831
1895,Ignatius,0.000063,m,832
1895,Goldia,0.000061,f,832
1895,Irl,0.000063,m,833
1895,Grayce,0.000061,f,833
1895,Isidore,0.000063,m,834
1895,Harry,0.000061,f,834
1895,Jones,0.000063,m,835
1895,Hazle,0.000061,f,835
1895,Junious,0.000063,m,836
1895,Helma,0.000061,f,836
1895,Kirby,0.000063,m,837
1895,Henriette,0.000061,f,837
1895,Leigh,0.000063,m,838
1895,Henry,0.000061,f,838
1895,Lillie,0.000063,m,839
1895,Hessie,0.000061,f,839
1895,Maxie,0.000063,m,840
1895,Hildegarde,0.000061,f,840
1895,Mayo,0.000063,m,841
1895,Honora,0.000061,f,841
1895,Melton,0.000063,m,842
1895,Izetta,0.000061,f,842
1895,Micheal,0.000063,m,843
1895,Janette,0.000061,f,843
1895,Mont,0.000063,m,844
1895,Jennette,0.000061,f,844
1895,Montie,0.000063,m,845
1895,Lella,0.000061,f,845
1895,Mortimer,0.000063,m,846
1895,Leontine,0.000061,f,846
1895,Myles,0.000063,m,847
1895,Lollie,0.000061,f,847
1895,Newell,0.000063,m,848
1895,Lorine,0.000061,f,848
1895,Nolan,0.000063,m,849
1895,Lular,0.000061,f,849
1895,Ocie,0.000063,m,850
1895,Lutie,0.000061,f,850
1895,Okey,0.000063,m,851
1895,Madelyn,0.000061,f,851
1895,Orion,0.000063,m,852
1895,Martina,0.000061,f,852
1895,Osie,0.000063,m,853
1895,Myrl,0.000061,f,853
1895,Rae,0.000063,m,854
1895,Ossie,0.000061,f,854
1895,Randall,0.000063,m,855
1895,Paulina,0.000061,f,855
1895,Reese,0.000063,m,856
1895,Ura,0.000061,f,856
1895,Rocco,0.000063,m,857
1895,Venus,0.000061,f,857
1895,Rose,0.000063,m,858
1895,Aida,0.000057,f,858
1895,Salvatore,0.000063,m,859
1895,Aletha,0.000057,f,859
1895,Sarah,0.000063,m,860
1895,Almira,0.000057,f,860
1895,Sebastian,0.000063,m,861
1895,Audie,0.000057,f,861
1895,Shellie,0.000063,m,862
1895,Aurore,0.000057,f,862
1895,Sheridan,0.000063,m,863
1895,Berniece,0.000057,f,863
1895,Sid,0.000063,m,864
1895,Bethel,0.000057,f,864
1895,Sigurd,0.000063,m,865
1895,Buna,0.000057,f,865
1895,Spurgeon,0.000063,m,866
1895,Carl,0.000057,f,866
1895,Thompson,0.000063,m,867
1895,Clarence,0.000057,f,867
1895,Vester,0.000063,m,868
1895,Cleora,0.000057,f,868
1895,Vicente,0.000063,m,869
1895,Docia,0.000057,f,869
1895,Worth,0.000063,m,870
1895,Emeline,0.000057,f,870
1895,Young,0.000063,m,871
1895,Emmer,0.000057,f,871
1895,Addie,0.000055,m,872
1895,Etha,0.000057,f,872
1895,Adelbert,0.000055,m,873
1895,Eulalie,0.000057,f,873
1895,Alford,0.000055,m,874
1895,Filomena,0.000057,f,874
1895,Alonza,0.000055,m,875
1895,Gene,0.000057,f,875
1895,Alvie,0.000055,m,876
1895,Genoveva,0.000057,f,876
1895,Arley,0.000055,m,877
1895,Leva,0.000057,f,877
1895,Art,0.000055,m,878
1895,Libby,0.000057,f,878
1895,Arvil,0.000055,m,879
1895,Lissie,0.000057,f,879
1895,Augustine,0.000055,m,880
1895,Loretto,0.000057,f,880
1895,Baxter,0.000055,m,881
1895,Macie,0.000057,f,881
1895,Bee,0.000055,m,882
1895,Madaline,0.000057,f,882
1895,Benjaman,0.000055,m,883
1895,Mahala,0.000057,f,883
1895,Bessie,0.000055,m,884
1895,Malvina,0.000057,f,884
1895,Blair,0.000055,m,885
1895,Maryann,0.000057,f,885
1895,Brown,0.000055,m,886
1895,Mozelle,0.000057,f,886
1895,Bryant,0.000055,m,887
1895,Prudence,0.000057,f,887
1895,Burrell,0.000055,m,888
1895,Rubie,0.000057,f,888
1895,Cameron,0.000055,m,889
1895,Sina,0.000057,f,889
1895,Casimer,0.000055,m,890
1895,Thomas,0.000057,f,890
1895,Chalmers,0.000055,m,891
1895,Vella,0.000057,f,891
1895,Christy,0.000055,m,892
1895,Zita,0.000057,f,892
1895,Clemens,0.000055,m,893
1895,Adelina,0.000053,f,893
1895,Clive,0.000055,m,894
1895,Adline,0.000053,f,894
1895,Coley,0.000055,m,895
1895,Aimee,0.000053,f,895
1895,Collins,0.000055,m,896
1895,Alfreda,0.000053,f,896
1895,Courtney,0.000055,m,897
1895,Altie,0.000053,f,897
1895,Cullen,0.000055,m,898
1895,Christie,0.000053,f,898
1895,Danial,0.000055,m,899
1895,Claude,0.000053,f,899
1895,Dannie,0.000055,m,900
1895,Deborah,0.000053,f,900
1895,Doctor,0.000055,m,901
1895,Delphine,0.000053,f,901
1895,Doyle,0.000055,m,902
1895,Drucilla,0.000053,f,902
1895,Duke,0.000055,m,903
1895,Edward,0.000053,f,903
1895,Eben,0.000055,m,904
1895,Electa,0.000053,f,904
1895,Edmon,0.000055,m,905
1895,Elisa,0.000053,f,905
1895,Effie,0.000055,m,906
1895,Francisca,0.000053,f,906
1895,Eldred,0.000055,m,907
1895,Garnett,0.000053,f,907
1895,Eligah,0.000055,m,908
1895,Georgina,0.000053,f,908
1895,Ellie,0.000055,m,909
1895,Hasel,0.000053,f,909
1895,Elliot,0.000055,m,910
1895,Hildegard,0.000053,f,910
1895,Elroy,0.000055,m,911
1895,Icy,0.000053,f,911
1895,Elwyn,0.000055,m,912
1895,Imo,0.000053,f,912
1895,Elzy,0.000055,m,913
1895,Ivory,0.000053,f,913
1895,Emilio,0.000055,m,914
1895,Jossie,0.000053,f,914
1895,Encarnacion,0.000055,m,915
1895,Katheryn,0.000053,f,915
1895,Ernie,0.000055,m,916
1895,Luetta,0.000053,f,916
1895,Estel,0.000055,m,917
1895,Lupe,0.000053,f,917
1895,Evander,0.000055,m,918
1895,Maxie,0.000053,f,918
1895,Ewell,0.000055,m,919
1895,Mossie,0.000053,f,919
1895,Gaither,0.000055,m,920
1895,Noma,0.000053,f,920
1895,Gerhard,0.000055,m,921
1895,Olinda,0.000053,f,921
1895,Gottlieb,0.000055,m,922
1895,Omie,0.000053,f,922
1895,Grafton,0.000055,m,923
1895,Ressie,0.000053,f,923
1895,Guthrie,0.000055,m,924
1895,Thora,0.000053,f,924
1895,Hampton,0.000055,m,925
1895,Twila,0.000053,f,925
1895,Harlow,0.000055,m,926
1895,Velva,0.000053,f,926
1895,Hayden,0.000055,m,927
1895,Vessie,0.000053,f,927
1895,Hector,0.000055,m,928
1895,Virgia,0.000053,f,928
1895,Horton,0.000055,m,929
1895,Willia,0.000053,f,929
1895,Hosteen,0.000055,m,930
1895,Zena,0.000053,f,930
1895,Hunter,0.000055,m,931
1895,Zilpha,0.000053,f,931
1895,Huston,0.000055,m,932
1895,Albertha,0.000049,f,932
1895,Jacques,0.000055,m,933
1895,Alleen,0.000049,f,933
1895,Jettie,0.000055,m,934
1895,America,0.000049,f,934
1895,Jonah,0.000055,m,935
1895,Andrea,0.000049,f,935
1895,Josiah,0.000055,m,936
1895,Blossom,0.000049,f,936
1895,Kyle,0.000055,m,937
1895,Cara,0.000049,f,937
1895,Lannie,0.000055,m,938
1895,Classie,0.000049,f,938
1895,Lea,0.000055,m,939
1895,Corene,0.000049,f,939
1895,Lennie,0.000055,m,940
1895,Daisey,0.000049,f,940
1895,Leonce,0.000055,m,941
1895,Daphne,0.000049,f,941
1895,Loran,0.000055,m,942
1895,Dean,0.000049,f,942
1895,Lucy,0.000055,m,943
1895,Dee,0.000049,f,943
1895,Lum,0.000055,m,944
1895,Delila,0.000049,f,944
1895,Mamie,0.000055,m,945
1895,Dillie,0.000049,f,945
1895,Minor,0.000055,m,946
1895,Dinah,0.000049,f,946
1895,Moe,0.000055,m,947
1895,Doshia,0.000049,f,947
1895,Nestor,0.000055,m,948
1895,Dulcie,0.000049,f,948
1895,Norval,0.000055,m,949
1895,Else,0.000049,f,949
1895,Norwood,0.000055,m,950
1895,Emaline,0.000049,f,950
1895,Oakley,0.000055,m,951
1895,Ena,0.000049,f,951
1895,Odell,0.000055,m,952
1895,Euna,0.000049,f,952
1895,Odis,0.000055,m,953
1895,Evelina,0.000049,f,953
1895,Orin,0.000055,m,954
1895,Freeda,0.000049,f,954
1895,Orland,0.000055,m,955
1895,Fronie,0.000049,f,955
1895,Orson,0.000055,m,956
1895,Gennie,0.000049,f,956
1895,Ovila,0.000055,m,957
1895,Gerda,0.000049,f,957
1895,Park,0.000055,m,958
1895,Isa,0.000049,f,958
1895,Pierre,0.000055,m,959
1895,Laurie,0.000049,f,959
1895,Pinkney,0.000055,m,960
1895,Leonore,0.000049,f,960
1895,Price,0.000055,m,961
1895,Lorenza,0.000049,f,961
1895,Reynold,0.000055,m,962
1895,Maida,0.000049,f,962
1895,Reynolds,0.000055,m,963
1895,Mavis,0.000049,f,963
1895,Royce,0.000055,m,964
1895,Maxine,0.000049,f,964
1895,Rubin,0.000055,m,965
1895,Maymie,0.000049,f,965
1895,Ruth,0.000055,m,966
1895,Monnie,0.000049,f,966
1895,Shelley,0.000055,m,967
1895,Montie,0.000049,f,967
1895,Susie,0.000055,m,968
1895,Nelda,0.000049,f,968
1895,Toy,0.000055,m,969
1895,Nena,0.000049,f,969
1895,True,0.000055,m,970
1895,Nevada,0.000049,f,970
1895,Urban,0.000055,m,971
1895,Odelia,0.000049,f,971
1895,Vaughn,0.000055,m,972
1895,Osa,0.000049,f,972
1895,Willam,0.000055,m,973
1895,Rosalee,0.000049,f,973
1895,Winford,0.000055,m,974
1895,Sister,0.000049,f,974
1895,Winston,0.000055,m,975
1895,Sofia,0.000049,f,975
1895,Woodie,0.000055,m,976
1895,Sula,0.000049,f,976
1895,Zeke,0.000055,m,977
1895,Theresia,0.000049,f,977
1895,Abel,0.000047,m,978
1895,Trilby,0.000049,f,978
1895,Alf,0.000047,m,979
1895,Vashti,0.000049,f,979
1895,Alois,0.000047,m,980
1895,Vassie,0.000049,f,980
1895,Alwin,0.000047,m,981
1895,Verena,0.000049,f,981
1895,Anson,0.000047,m,982
1895,Verlie,0.000049,f,982
1895,Arvel,0.000047,m,983
1895,Villa,0.000049,f,983
1895,Ashby,0.000047,m,984
1895,Vinie,0.000049,f,984
1895,Asher,0.000047,m,985
1895,Vivien,0.000049,f,985
1895,Audie,0.000047,m,986
1895,Adel,0.000045,f,986
1895,Barnie,0.000047,m,987
1895,Alba,0.000045,f,987
1895,Bartholomew,0.000047,m,988
1895,Anner,0.000045,f,988
1895,Bedford,0.000047,m,989
1895,Arie,0.000045,f,989
1895,Benson,0.000047,m,990
1895,Atha,0.000045,f,990
1895,Bernardo,0.000047,m,991
1895,Attie,0.000045,f,991
1895,Bernice,0.000047,m,992
1895,Bernardine,0.000045,f,992
1895,Burnie,0.000047,m,993
1895,Bula,0.000045,f,993
1895,Burns,0.000047,m,994
1895,Calla,0.000045,f,994
1895,Carlie,0.000047,m,995
1895,Carry,0.000045,f,995
1895,Carol,0.000047,m,996
1895,Celina,0.000045,f,996
1895,Casimir,0.000047,m,997
1895,Concetta,0.000045,f,997
1895,Cassius,0.000047,m,998
1895,Dale,0.000045,f,998
1895,Cephus,0.000047,m,999
1895,Dellie,0.000045,f,999
1895,Chalmer,0.000047,m,1000
1895,Delpha,0.000045,f,1000